batch_size,learning_rate,epoch,train_accuracy,train_loss,validation_accuracy,validation_loss,with_ReduceLROnPlateau,with_weight_decay
32,0.003,1,40.18511376783648,1.6078741212783776,57.6899320568252,0.9429633307690714,False,False
32,0.003,2,44.75125337446973,1.1274859281302674,59.85176034589253,0.9330127508032556,False,False
32,0.003,3,46.34785962205939,1.1086583564727766,58.9870290302656,0.8742581912699867,False,False
32,0.003,4,47.9367527959892,1.0695213538966155,63.49598517603459,0.8078260309263772,False,False
32,0.003,5,48.40725028924026,1.0664858301284863,65.90487955528104,0.7704518465142624,False,False
32,0.003,6,50.47435403008099,1.043960370894136,64.79308214947498,0.7093756369808141,False,False
32,0.003,7,50.72888546085615,1.033699721391565,69.42557134033353,0.7237232131700889,False,False
32,0.003,8,52.8576937909757,1.0207567875608434,71.40210006176652,0.7628974540560853,False,False
32,0.003,9,55.03278056305438,1.0001770743889171,67.14021000617666,0.8667620537327785,False,False
32,0.003,10,55.78094870806016,0.997991439010122,72.7609635577517,0.6889814435340026,False,False
32,0.003,11,56.62938681064404,0.9802996492738209,71.40210006176652,0.7568370019103966,False,False
32,0.003,12,57.02275356729657,0.985506861374296,73.99629400864731,0.7065233019929306,False,False
32,0.003,13,57.4315464712688,0.9827634044762316,73.87276096355775,0.7186943047186908,False,False
32,0.003,14,58.02545314307751,0.9698955685340712,74.49042618900556,0.6950617959248084,False,False
32,0.003,15,59.05129193983802,0.9491110577665526,75.10809141445337,0.6742388080513361,False,False
32,0.003,16,58.80447358272272,0.9525917724435552,76.03458925262508,0.685463573856681,False,False
32,0.003,17,59.09757038179715,0.9397995724466632,77.57875231624459,0.638062811237486,False,False
32,0.003,18,58.80447358272272,0.944744648457748,76.5904879555281,0.6590676934768757,False,False
32,0.003,19,59.166988044735824,0.9336624327551556,76.77578752316245,0.6147049377243236,False,False
32,0.003,20,59.23640570767451,0.9430825378507228,77.26991970352069,0.6367860966562933,False,False
32,0.003,21,59.2055534130351,0.9404868390319384,77.76405188387893,0.5975869610248243,False,False
32,0.003,22,59.56035480138836,0.9385821556516468,78.5052501544163,0.5993230978903525,False,False
32,0.003,23,59.68376397994601,0.9263333369945658,77.33168622606547,0.5873352045321143,False,False
32,0.003,24,59.67605090628616,0.9265658156625156,78.8140827671402,0.5911746630627736,False,False
32,0.003,25,59.244118781334365,0.936789845598155,76.52872143298332,0.675883937937518,False,False
32,0.003,26,59.83802545314308,0.9275073545613312,78.01111797405807,0.6312789168281883,False,False
32,0.003,27,60.532202082529885,0.918293479481354,77.45521927115503,0.62038349619537,False,False
32,0.003,28,63.054377169301965,0.8689726169767051,78.01111797405807,0.5837370653387944,False,False
32,0.003,29,63.38603933667567,0.8635164092620605,76.89932056825201,0.6248975900802465,False,False
32,0.003,30,63.64057076745083,0.8539783027518559,77.94935145151328,0.5961596812980419,False,False
32,0.003,31,63.67142306209024,0.8526210080960701,78.62878319950586,0.5875913245265609,False,False
32,0.003,32,64.08021596606248,0.8045153920286394,76.89932056825201,0.5717177955215198,False,False
32,0.003,33,64.23447743925955,0.771572296769161,87.64669549104386,0.4375456246049782,False,False
32,0.003,34,65.06748939452372,0.7503661222645802,88.7584928968499,0.4797393872582938,False,False
32,0.003,35,64.52757423833397,0.7624595946279066,79.43174799258801,0.4072767140015083,False,False
32,0.003,36,65.01349787890474,0.7508465572090571,90.11735639283508,0.4288933655776668,False,False
32,0.003,37,65.51484766679522,0.7490211406658436,88.7584928968499,0.4547251915966055,False,False
32,0.003,38,66.55611261087543,0.7266629482137745,87.70846201358863,0.4688307423356865,False,False
32,0.003,39,64.62784419591208,0.7572844692785752,89.49969116738728,0.4457607583882397,False,False
32,0.003,40,66.02391052834554,0.7376987423215594,91.16738727609636,0.4196760365676691,False,False
32,0.001,1,41.40377940609333,1.3161268922789344,67.75787523162445,0.8774833346114439,False,False
32,0.001,2,51.546471268800616,1.0529677223395832,73.0697961704756,0.8097635595237508,False,False
32,0.001,3,54.69340532202082,1.0132857878219903,72.7609635577517,0.8390949166872922,False,False
32,0.001,4,56.51369070574624,0.9817681065921126,75.84928968499074,0.7742398265822261,False,False
32,0.001,5,61.58889317392981,0.9237670399285304,79.24644842495367,0.708994756434478,False,False
32,0.001,6,63.07751639028152,0.8846018743045224,77.8875849289685,0.6745830553894242,False,False
32,0.001,7,67.99845738526803,0.8136646600779641,86.04076590487955,0.5988746595148947,False,False
32,0.001,8,73.02738141149248,0.7071453260964361,88.51142680667078,0.3833090177207601,False,False
32,0.001,9,77.40069417662939,0.5930709884745147,91.41445336627548,0.3045774587229186,False,False
32,0.001,10,79.97686077902044,0.550123349786392,89.25262507720815,0.2880831902444947,False,False
32,0.001,11,80.95642113382183,0.5225347303624811,91.10562075355158,0.2956592185130599,False,False
32,0.001,12,83.50173544157347,0.4826330877657007,92.3409512044472,0.2473126191682383,False,False
32,0.001,13,84.43501735441573,0.4486036248541818,93.76158122297714,0.2146286483735357,False,False
32,0.001,14,84.8206710374084,0.4324764232036515,87.77022853613342,0.3524114810039891,False,False
32,0.001,15,86.47126880061704,0.3989086767355796,93.76158122297714,0.1959742375126784,False,False
32,0.001,16,87.01889703046665,0.3901838280921205,93.94688079061147,0.2118875759598963,False,False
32,0.001,17,88.60779020439645,0.3542862955315653,93.20568252007412,0.2414312118826452,False,False
32,0.001,18,89.87273428461242,0.3157094479744951,92.89684990735022,0.2152945735313765,False,False
32,0.001,19,89.09371384496723,0.32664694510437,94.935145151328,0.1821998769078431,False,False
32,0.001,20,90.42807558812189,0.3001255788312757,94.74984558369364,0.162182509737071,False,False
32,0.001,21,90.48978017740068,0.2920962663303161,95.1822112415071,0.161988657309135,False,False
32,0.001,22,90.67489394523716,0.2852521596448908,94.13218035824583,0.2001257479840241,False,False
32,0.001,23,91.32279213266489,0.269678960907562,95.1822112415071,0.1764410920122292,False,False
32,0.001,24,91.35364442730427,0.2619354002030906,94.935145151328,0.1804716022570752,False,False
32,0.001,25,91.5156189741612,0.2565298781918334,95.491043854231,0.1497232896515068,False,False
32,0.001,26,91.70844581565754,0.2635281811482066,93.82334774552191,0.2037653710809964,False,False
32,0.001,27,89.89587350559198,0.2934013861392078,93.20568252007412,0.1874182322564735,False,False
32,0.001,28,92.11723871962975,0.2399650385529904,95.98517603458926,0.127165133910774,False,False
32,0.001,29,92.87311993829542,0.2275088621358492,95.61457689932055,0.14824042673705,False,False
32,0.001,30,92.33320478210568,0.2389772450046733,94.74984558369364,0.1756882993047874,False,False
32,0.001,31,92.71114539143848,0.2275833643862766,95.42927733168622,0.1414744274898468,False,False
32,0.001,32,92.80370227535671,0.2198388504937951,96.04694255713405,0.1465100948521913,False,False
32,0.0003,1,59.07443116081759,0.9028683037593448,81.90240889437925,0.5072163068780712,False,False
32,0.0003,2,70.21982259930583,0.6629257483655596,87.02903026559605,0.4041912776290202,False,False
32,0.0003,3,73.12765136907058,0.6171809725573497,91.16738727609636,0.3031342244323562,False,False
32,0.0003,4,75.10219822599306,0.5750773196370144,90.85855466337246,0.2826530088980992,False,False
32,0.0003,5,76.74508291554184,0.540531223410456,90.85855466337246,0.272232769970216,False,False
32,0.0003,6,77.35441573467027,0.5130489085401807,91.9703520691785,0.2389181061994795,False,False
32,0.0003,7,76.89934438873891,0.5274366527575577,91.3526868437307,0.2467877244138542,False,False
32,0.0003,8,78.01774006941767,0.498470131179382,93.5762816553428,0.2116330690298448,False,False
32,0.0003,9,77.62437331276514,0.5055161579856144,93.76158122297714,0.2080054265611312,False,False
32,0.0003,10,78.38025453143078,0.5015896835864471,93.39098208770848,0.2103371654874553,False,False
32,0.0003,11,80.38565368299267,0.4827860318160997,92.6497838171711,0.2098136205299227,False,False
32,0.0003,12,80.86386424990359,0.4735164007383027,92.40271772699197,0.2394949813537737,False,False
32,0.0003,13,80.39336675665253,0.4802433676246939,93.8851142680667,0.198200968331566,False,False
32,0.0003,14,81.28037022753567,0.459604841991892,91.9703520691785,0.2698272043204519,False,False
32,0.0003,15,81.4577709217123,0.4607533505324072,92.6497838171711,0.2087616369529974,False,False
32,0.0003,16,81.04897801774007,0.462144675366397,93.51451513279802,0.2030314251999644,False,False
32,0.0003,17,82.08252988816044,0.4485210687509311,94.1939468807906,0.1889020106663891,False,False
32,0.0003,18,82.26764365599692,0.4439890190335036,94.2557134033354,0.1710922823597987,False,False
32,0.0003,19,81.94369456228307,0.4424421455472561,93.51451513279802,0.1923673596214868,False,False
32,0.0003,20,83.11608175858079,0.4283215333455302,93.82334774552191,0.191908371406516,False,False
32,0.0003,21,82.37562668723486,0.4350692256918094,94.31747992588018,0.1852852158778,False,False
32,0.0003,22,83.000385653683,0.4300331486379865,94.8116121062384,0.1560853843613728,False,False
32,0.0003,23,83.4477439259545,0.4143773407257836,94.1939468807906,0.1823881123872364,False,False
32,0.0003,24,83.32433474739683,0.4161276023449569,94.44101297096974,0.1736760589924147,False,False
32,0.0003,25,83.66370998843038,0.4081477124996373,94.99691167387276,0.156435109547102,False,False
32,0.0003,26,84.26532973389895,0.4014155990604696,94.13218035824583,0.1697617077140831,False,False
32,0.0003,27,84.01851137678365,0.3981371795015382,95.30574428659666,0.15916009775509,False,False
32,0.0001,1,68.42267643655997,0.7809460094116004,73.81099444101297,0.688504331873036,False,False
32,0.0001,2,78.05630543771693,0.5626665177970684,84.06423718344656,0.456046841646015,False,False
32,0.0001,3,81.71230235248747,0.4618264397817292,83.44657195799877,0.4106655301453144,False,False
32,0.0001,4,84.39645198611646,0.4127137152285411,88.01729462631253,0.3046677639780968,False,False
32,0.0001,5,86.2475896644813,0.3781869376050721,84.3113032736257,0.3934602074498566,False,False
32,0.0001,6,86.83378326263016,0.3597890798534666,91.29092032118592,0.2361762307712114,False,False
32,0.0001,7,87.86733513305052,0.3382899890025261,90.42618900555898,0.2553359317894587,False,False
32,0.0001,8,87.87504820671037,0.3266849546633624,91.29092032118592,0.2587465746476607,False,False
32,0.0001,9,87.99074431160818,0.3175211682218342,91.47621988882024,0.2298104047967011,False,False
32,0.0001,10,88.14500578480525,0.3026507475821696,93.2674490426189,0.1808812558678362,False,False
32,0.0001,11,88.65406864635557,0.2997106304713364,93.82334774552191,0.1783395703064789,False,False
32,0.0001,12,88.86232163517161,0.2957625261925418,88.51142680667078,0.2822292249572153,False,False
32,0.0001,13,89.20940994986502,0.2873626071867978,94.00864731315627,0.1700320947554656,False,False
32,0.0001,14,89.34053220208253,0.2835422845493103,93.32921556516368,0.1845738955969721,False,False
32,0.0001,15,89.71847281141535,0.2792461860209263,93.76158122297714,0.1685669510830741,False,False
32,0.0001,16,89.88044735827228,0.2708109512172749,94.07041383570105,0.1542384593984952,False,False
32,0.0001,17,89.96529116853065,0.2629022325292743,94.44101297096974,0.1490516620288676,False,False
32,0.0001,18,89.77246432703433,0.2640801441621751,94.31747992588018,0.1601928275936812,False,False
32,0.0001,19,89.81102969533359,0.2660007665640321,94.8116121062384,0.1568703280964994,False,False
32,0.0001,20,90.46664095642112,0.2517515176842952,94.44101297096974,0.1550064832768197,False,False
32,0.0001,21,90.69803316621672,0.2509001590990521,94.8116121062384,0.1622080763496056,False,False
32,0.0001,22,91.22252217508677,0.2312598247906844,93.94688079061147,0.1750345134222537,False,False
32,3e-05,1,68.59236405707675,0.7807040800308359,64.17541692402718,0.8540655397901348,False,False
32,3e-05,2,81.37292711145392,0.5011754811103708,77.8875849289685,0.6021826829870834,False,False
32,3e-05,3,84.87466255302738,0.4191733212233177,80.72884496602842,0.5185442781167141,False,False
32,3e-05,4,86.20131122252218,0.3863279658365132,82.3965410747375,0.4666133881500904,False,False
32,3e-05,5,87.2734284612418,0.3573421373633034,83.6318715256331,0.4186843115398112,False,False
32,3e-05,6,88.08330119552642,0.3402188733917445,85.36133415688697,0.377631249846708,False,False
32,3e-05,7,88.65406864635557,0.3170209231194604,86.65843113032736,0.3353437868325843,False,False
32,3e-05,8,89.40223679136136,0.2992782895934993,86.28783199505868,0.3243506235577276,False,False
32,3e-05,9,89.34824527574239,0.2914179037577413,85.79369981470043,0.3584852152864686,False,False
32,3e-05,10,89.6104897801774,0.2799239330030427,86.5348980852378,0.3223518700106069,False,False
32,3e-05,11,90.2429618202854,0.2748239175439468,87.89376158122298,0.3117726647372668,False,False
32,3e-05,12,90.66718087157732,0.2639767007232446,87.15256331068561,0.2935306007914501,False,False
32,3e-05,13,90.6517547242576,0.2506532349848541,88.69672637430513,0.2727373465290749,False,False
32,3e-05,14,91.02969533359044,0.2499103180586998,88.57319332921557,0.27233438410536,False,False
32,3e-05,15,91.12225221750867,0.245474556451801,88.88202594193947,0.2655136844225447,False,False
32,3e-05,16,91.65445430003857,0.2312323560231718,90.79678814082769,0.2314137156194477,False,False
32,3e-05,17,91.80100269957578,0.2270860707896573,90.11735639283508,0.2580261285332323,False,False
32,3e-05,18,91.90898573081373,0.2238370057727609,87.58492896849907,0.3053065729555765,False,False
32,3e-05,19,92.00154261473196,0.2251007775386125,87.70846201358863,0.2949038923480639,False,False
32,3e-05,20,92.12495179328964,0.2112819791445738,90.85855466337246,0.2347090260226133,False,False
32,3e-05,21,92.36405707674508,0.2119306885531823,89.7467572575664,0.2502096842149245,False,False
32,1e-05,1,61.74315464712688,0.9194114448988966,69.85793699814701,0.82590291780584,False,False
32,1e-05,2,77.59352101812573,0.5926277693269288,69.67263743051267,0.7441498786211014,False,False
32,1e-05,3,81.89741612032395,0.4930208909687738,70.35206917850525,0.7329714071809077,False,False
32,1e-05,4,84.09564211338218,0.4324727497737983,73.62569487337863,0.6536401279416739,False,False
32,1e-05,5,85.64596991901273,0.3987456021711157,72.94626312538604,0.69303502821747,False,False
32,1e-05,6,85.99305823370614,0.3851826410979179,74.49042618900556,0.6598981232473663,False,False
32,1e-05,7,86.8260701889703,0.3600494355477135,73.0697961704756,0.7097538413443402,False,False
32,1e-05,8,88.02930967990744,0.3436794690237256,72.94626312538604,0.7088912279874671,False,False
32,1e-05,9,88.12957963748553,0.3335497420226118,72.57566399011736,0.749629095762822,False,False
64,0.001,1,46.51754724257616,1.3261286780751984,64.97838171710933,0.805785925915608,False,False
64,0.001,2,59.54492865406865,0.8542092395533482,66.3372452130945,0.7297795323225168,False,False
64,0.001,3,64.22676436559969,0.7645801700688348,84.99073502161828,0.4953120433940337,False,False
64,0.001,4,69.07057462398765,0.7111007581497061,84.99073502161828,0.44930818118155,False,False
64,0.001,5,70.76745082915542,0.68322305814386,88.26436071649167,0.3832805286376522,False,False
64,0.001,6,72.7265715387582,0.6436000414963426,90.11735639283508,0.3459401722424305,False,False
64,0.001,7,73.01195526417277,0.6399192413673025,92.03211859172328,0.334378864401235,False,False
64,0.001,8,73.96066332433475,0.6266766086294147,88.94379246448425,0.3358761119799545,False,False
64,0.001,9,73.7524103355187,0.6154430708274465,91.7232859789994,0.3114629553344387,False,False
64,0.001,10,74.26147319706904,0.6046306009363072,90.30265596046942,0.2957002090003628,False,False
64,0.001,11,74.1843424604705,0.6112607432703666,84.24953675108091,0.4136698764677231,False,False
64,0.001,12,74.22290782876976,0.6035188575977175,91.84681902408894,0.29939208435826,False,False
64,0.001,13,75.22560740455071,0.584897184166415,88.88202594193947,0.3302535598811049,False,False
64,0.001,14,75.77323563440031,0.5799073795673295,92.09388511426806,0.2791580472571345,False,False
64,0.001,15,75.49556498264559,0.5853453071540212,93.51451513279802,0.274053562611628,False,False
64,0.001,16,76.22059390667181,0.5737788791726963,94.50277949351452,0.2230255695310636,False,False
64,0.001,17,76.65252603162361,0.5677012880447463,92.58801729462633,0.2695623088198212,False,False
64,0.001,18,76.72194369456228,0.5627309638878395,94.5645460160593,0.2200117872562259,False,False
64,0.001,19,77.36212880833013,0.5476269591324435,92.15565163681283,0.2381207422854808,False,False
64,0.001,20,77.3004242190513,0.5425021234404277,94.5645460160593,0.2036482679451672,False,False
64,0.001,21,78.80447358272272,0.5188786526912539,93.08214947498456,0.2817735045436376,False,False
64,0.001,22,79.83802545314308,0.5022487919318852,94.31747992588018,0.1929551964052594,False,False
64,0.001,23,81.70458927882761,0.4687315452421827,95.42927733168622,0.1912781274161086,False,False
64,0.001,24,82.10566910914,0.4492608745550287,94.5645460160593,0.1839117750776215,False,False
64,0.001,25,84.1419205553413,0.4183118606142222,94.99691167387276,0.2033159597383648,False,False
64,0.001,26,86.18588507520246,0.3893395264454076,94.1939468807906,0.1904197053742022,False,False
64,0.001,27,86.81835711531045,0.3762349025369277,94.1939468807906,0.1943630212067196,False,False
64,0.001,28,87.19629772464327,0.3721726646123848,95.30574428659666,0.1630377383038509,False,False
64,0.001,29,87.41997686077902,0.3576472573386037,94.00864731315627,0.2425170872513892,False,False
64,0.001,30,87.25028924026225,0.3555256098215216,94.99691167387276,0.1714999479367039,False,False
64,0.001,31,88.08330119552642,0.342263887962097,94.1939468807906,0.2137400685186059,False,False
64,0.001,32,88.43038951021983,0.3291384800901554,95.1822112415071,0.1693078465387561,False,False
64,0.001,33,88.94716544543,0.3216276119275046,95.42927733168622,0.1532449709596291,False,False
64,0.001,34,89.57192441187813,0.3097569904303903,93.39098208770848,0.2083127792904213,False,False
64,0.001,35,89.86502121095256,0.2997686785503561,95.86164298949969,0.127955158520378,False,False
64,0.001,36,89.91901272657154,0.3015866617630855,95.24397776405188,0.1869755925760658,False,False
64,0.001,37,90.31237948322406,0.289437199461049,96.29400864731316,0.1458622612044564,False,False
64,0.001,38,90.89857308137292,0.2833934989689018,95.42927733168622,0.136967040244669,False,False
64,0.001,39,90.89857308137292,0.2731844654003975,96.23224212476838,0.14280986724099,False,False
64,0.001,40,90.420362514462,0.2845970154395831,95.55281037677578,0.1523341525775882,False,False
64,0.0003,1,56.92248360971848,1.0324762942168513,80.11117974058061,0.6471532543118184,False,False
64,0.0003,2,64.52757423833397,0.8053285365034206,81.0994441012971,0.549596480344637,False,False
64,0.0003,3,70.34323177786348,0.7275499353561495,88.07906114885732,0.4468459483737556,False,False
64,0.0003,4,72.07096027767065,0.66639350626269,89.19085855466338,0.3741972298504641,False,False
64,0.0003,5,71.82414192055535,0.6531814128307286,91.29092032118592,0.3571973364227093,False,False
64,0.0003,6,72.74199768607791,0.6338929021593385,93.20568252007412,0.314768708561762,False,False
64,0.0003,7,73.36675665252604,0.618795543321835,93.51451513279802,0.2950393124483526,False,False
64,0.0003,8,73.89124566139607,0.5976090011338295,92.89684990735022,0.2925376672512637,False,False
64,0.0003,9,73.71384496721944,0.5973043148153521,93.8851142680667,0.269513454933006,False,False
64,0.0003,10,74.5005784805245,0.5862112858612549,93.45274861025324,0.2829649377470979,False,False
64,0.0003,11,74.8630929425376,0.56841601233177,94.8733786287832,0.2382981664716051,False,False
64,0.0003,12,74.46201311222522,0.5752430589034639,91.78505250154416,0.3029941528713187,False,False
64,0.0003,13,74.99421519475511,0.5652249913497511,92.58801729462633,0.2766598400015097,False,False
64,0.0003,14,74.59313536444273,0.5650712060810897,94.5645460160593,0.2396809245155264,False,False
64,0.0003,15,75.02506748939453,0.5616095456583746,94.44101297096974,0.255868573511879,False,False
64,0.0003,16,74.91708445815658,0.5540282115560448,92.46448424953677,0.2942137175257532,False,False
64,0.0001,1,58.087157732356346,0.974584927112598,76.09635577516985,0.7732115834951401,False,False
64,0.0001,2,70.39722329348245,0.6774210714060684,85.85546633724522,0.5605862057552888,False,False
64,0.0001,3,73.6058619359815,0.5933038424975766,86.72019765287214,0.4647370523844774,False,False
64,0.0001,4,77.14616274585423,0.5373586840523875,88.7584928968499,0.3767518886866478,False,False
64,0.0001,5,77.98688777477825,0.5212795175061438,90.11735639283508,0.3319856196355361,False,False
64,0.0001,6,78.82761280370228,0.5020699175120574,87.89376158122298,0.3357521406589792,False,False
64,0.0001,7,79.29039722329348,0.4847922426432811,90.0555898702903,0.2929500130793223,False,False
64,0.0001,8,79.2209795603548,0.4861306414521973,89.00555898702903,0.2958826117862302,False,False
64,0.0001,9,80.93328191284226,0.4540409902340085,87.8319950586782,0.3136077508903466,False,False
64,0.0001,10,81.10296953335904,0.4571842257612444,90.30265596046942,0.259284132733368,False,False
64,0.0001,11,81.99768607790205,0.4442149761128308,89.99382334774552,0.270074239000678,False,False
64,0.0001,12,81.64288468954878,0.4492662806669479,91.59975293390984,0.2335473974593556,False,False
64,0.0001,13,82.29078287697648,0.4386463758393461,90.17912291537986,0.2508388112227504,False,False
64,0.0001,14,82.73042807558812,0.4260138784136091,90.85855466337246,0.2390491130690162,False,False
64,0.0001,15,82.46047049749325,0.4343140810874882,89.62322421247684,0.2641709039990718,False,False
64,0.0001,16,83.27805630543772,0.4158136179588111,90.92032118591725,0.2295022072413793,False,False
64,0.0001,17,83.07751639028153,0.4208614200060003,91.47621988882024,0.219711121225443,False,False
64,0.0001,18,84.27304280755881,0.4021419768997014,90.30265596046942,0.2333032329423496,False,False
64,0.0001,19,84.06478981874277,0.397487643243644,91.78505250154416,0.2118936829949514,False,False
64,0.0001,20,83.30890860007713,0.40416710709997,93.32921556516368,0.1923132987621311,False,False
64,0.0001,21,84.18048592364057,0.3955943911093209,91.9703520691785,0.1969934783589381,False,False
64,0.0001,22,84.08021596606248,0.3962908495089103,94.00864731315627,0.1667098666612918,False,False
64,0.0001,23,84.05707674508291,0.3960110448264136,91.9703520691785,0.2040775023544064,False,False
64,0.0001,24,84.1419205553413,0.3868645471451905,92.71155033971588,0.1758608592387575,False,False
64,0.0001,25,83.96451986116467,0.3867234183209283,93.08214947498456,0.1902492162950623,False,False
64,0.0001,26,84.41959120709603,0.390878363049089,91.0438542310068,0.2262830867503698,False,False
64,0.0001,27,84.74354030080987,0.3784098274308472,91.7232859789994,0.1917208068860838,False,False
64,3e-05,1,62.67643655996915,0.9069423073618282,58.36936380481779,1.0028079461592894,False,False
64,3e-05,2,79.64519861164675,0.5508730727169902,65.16368128474367,0.9101686702611356,False,False
64,3e-05,3,83.84111068260702,0.4531619179571791,73.7492279184682,0.6957567414412131,False,False
64,3e-05,4,86.56382568453529,0.3888079686264686,71.83446571957998,0.7675367652510221,False,False
64,3e-05,5,87.65136907057462,0.3649846547342874,73.13156269302038,0.7162557939210763,False,False
64,3e-05,6,88.66178172001543,0.3339807639274691,75.72575663990118,0.6593881744461564,False,False
64,3e-05,7,88.84689548785191,0.3154417379883122,77.82581840642372,0.6168981347089777,False,False
64,3e-05,8,89.34053220208253,0.315931903207537,79.43174799258801,0.532543837522658,False,False
64,3e-05,9,89.79560354801389,0.294159464501395,76.71402100061766,0.6295329802669585,False,False
64,3e-05,10,89.66448129579638,0.2899909287397497,80.29647930821494,0.502560923126741,False,False
64,3e-05,11,90.57462398765908,0.2730791467824593,83.0142063001853,0.4407095271162689,False,False
64,3e-05,12,90.420362514462,0.2725352433881736,82.02594193946881,0.477322888166572,False,False
64,3e-05,13,90.97570381797146,0.2623030678392044,85.54663372452131,0.3832948114185666,False,False
64,3e-05,14,90.94485152333203,0.2581237261298255,84.49660284126004,0.406639844734365,False,False
64,3e-05,15,91.06054762822986,0.2579315618561406,84.37306979617047,0.4362409548619045,False,False
64,3e-05,16,91.27651369070574,0.2515501125619329,84.12600370599135,0.4239210124449947,False,False
64,3e-05,17,91.7315850366371,0.2411574012246625,85.79369981470043,0.3789220055959259,False,False
64,3e-05,18,91.46934053220208,0.2418440464021537,85.97899938233478,0.3858822071387504,False,False
64,3e-05,19,91.8318549942152,0.2318187726689089,85.36133415688697,0.398199833320597,False,False
64,3e-05,20,91.8318549942152,0.2317995312325473,86.5348980852378,0.3554098640049163,False,False
64,3e-05,21,91.80871577323563,0.2319472382955363,86.47313156269303,0.3469246402830602,False,False
64,3e-05,22,91.91669880447358,0.2239649863592509,86.47313156269303,0.3572349137841509,False,False
64,3e-05,23,91.92441187813344,0.2240015475694181,86.2260654725139,0.375326256482647,False,False
64,3e-05,24,91.99382954107212,0.2254603738561639,86.16429894996912,0.3748715084332686,False,False
64,3e-05,25,92.11723871962975,0.2151846205586283,86.90549722050649,0.35496732700043,False,False
64,3e-05,26,92.21750867720787,0.2146351936048474,89.4379246448425,0.2981820315606175,False,False
64,3e-05,27,92.34863092942538,0.2128162989255242,90.24088943792464,0.2852423422378846,False,False
64,3e-05,28,92.45661396066332,0.2091964942774749,89.25262507720815,0.2934180935397028,False,False
64,3e-05,29,92.7574238333976,0.2082727696801641,87.58492896849907,0.3314730002759741,False,False
64,3e-05,30,92.92711145391438,0.2006689437614579,89.25262507720815,0.3029993254368981,False,False
64,3e-05,31,92.91939838025452,0.1993741114334813,90.98208770846202,0.2673263093187975,False,False
64,3e-05,32,92.81141534901658,0.2017780171312722,88.51142680667078,0.3164951390398738,False,False
64,3e-05,33,93.33590435788662,0.1873827588015002,88.88202594193947,0.3136116415665198,False,False
64,3e-05,34,93.2202082529888,0.1926192397371008,89.00555898702903,0.3130006879353179,False,False
64,3e-05,35,92.99652911685308,0.1877080154022559,90.54972205064855,0.2602060207416518,False,False
64,3e-05,36,93.3898958735056,0.1843585004580432,89.0673255095738,0.3088816286069162,False,False
64,3e-05,37,93.3050520632472,0.1840588248935826,90.67325509573811,0.2672521781507664,False,False
64,3e-05,38,93.8835325877362,0.1744711622045251,91.84681902408894,0.2295371992894126,False,False
64,3e-05,39,93.67527959892016,0.1779723214214952,89.7467572575664,0.2777542998351586,False,False
64,3e-05,40,93.69070574623989,0.1789400777573069,91.59975293390984,0.2220976921873023,False,False
64,3e-05,41,93.77554955649826,0.1759944108356102,91.59975293390984,0.2241175828026965,False,False
64,3e-05,42,94.06093328191284,0.1697039592625766,91.53798641136504,0.237165596504033,False,False
64,3e-05,43,93.8372541457771,0.1713139449471029,91.9703520691785,0.225060581377385,False,False
64,3e-05,44,93.43617431546473,0.1762471646804527,92.15565163681283,0.2179324522383887,False,False
64,3e-05,45,94.0840725028924,0.1683109137848973,92.52625077208153,0.2113198101063832,False,False
64,3e-05,46,93.7678364828384,0.1680540045163608,91.78505250154416,0.2171392147317349,False,False
64,3e-05,47,94.33089086000771,0.1648304575843177,91.9703520691785,0.2219183848915585,False,False
64,3e-05,48,94.2846124180486,0.1615678712248508,92.83508338480544,0.2025334802993501,False,False
64,3e-05,49,94.1689163131508,0.1623036281889295,91.6615194564546,0.2279653280051067,False,False
64,3e-05,50,94.1997686077902,0.1633560402603278,93.02038295243976,0.1948313767195661,False,False
64,3e-05,50,94.14577709217124,0.1602030040448522,92.15565163681283,0.2132246656692586,False,False
64,3e-05,51,94.23833397608948,0.1609006924692339,93.20568252007412,0.1866128898892874,False,False
64,3e-05,52,94.13035094485151,0.1545443300506458,92.58801729462633,0.2115355194221662,False,False
64,3e-05,53,94.13806401851136,0.1596612752658393,92.58801729462633,0.215920281135298,False,False
64,3e-05,54,94.43887389124566,0.1527822397355669,92.52625077208153,0.2047037719099675,False,False
64,3e-05,55,94.7473968376398,0.1513549910463723,92.89684990735022,0.2077582465510484,False,False
64,3e-05,56,94.19205553413036,0.1587408558635288,92.83508338480544,0.1956359235851918,False,False
64,1e-05,1,59.606633243347474,0.9773578617373124,50.463248919085856,1.0467722851496477,False,False
64,1e-05,2,78.61164674122638,0.5774130852058016,64.36071649166152,0.8074518479406834,False,False
64,1e-05,3,81.95912070960277,0.4800630775578503,71.52563310685609,0.680491467507986,False,False
64,1e-05,4,84.63555726957192,0.4193742615101959,72.51389746757258,0.6684008663376937,False,False
64,1e-05,5,85.61511762437331,0.3892436155251094,73.44039530574429,0.643715609008303,False,False
64,1e-05,6,86.07018897030467,0.3790893672135076,72.82273008029648,0.6769351760785167,False,False
64,1e-05,7,87.03432317778635,0.3543088829576088,73.00802964793083,0.6526743716990145,False,False
64,1e-05,8,87.50482067103741,0.3385146978159843,72.82273008029648,0.6380787383621702,False,False
64,1e-05,9,88.06787504820672,0.3253707052598446,73.6874613959234,0.6561007752942924,False,False
64,1e-05,10,88.91631315079059,0.3089318990413778,73.31686226065473,0.6673796951699142,False,False
64,1e-05,11,89.07057462398765,0.3045254610295366,72.26683137739346,0.7093139878259256,False,False
64,1e-05,12,89.263401465484,0.2979047653710314,73.56392835083385,0.6840322902067922,False,False
64,1e-05,13,89.75703817971461,0.289382661651508,73.3786287831995,0.6720733854812212,False,False
128,0.002,1,36.845352873119936,1.654826743929994,49.28968499073502,1.014446815619102,False,False
128,0.002,2,44.04165059776321,1.1190189006281834,51.38974675725757,0.9951070157381204,False,False
128,0.002,3,44.95950636328577,1.101131531537748,58.73996294008647,0.93159386744866,False,False
128,0.002,4,51.338218279984574,1.029747226658989,67.44904261890055,0.8847697583528665,False,False
128,0.002,5,56.3208638642499,0.9646773069512612,73.13156269302038,0.8189843319929563,False,False
128,0.002,6,59.25954492865407,0.9298124120515936,77.70228536133416,0.788617268204689,False,False
128,0.002,7,61.40377940609333,0.8920545449443892,80.66707844348363,0.6852020231577066,False,False
128,0.002,8,61.31893559583494,0.8884021780070137,82.76714021000618,0.6545442228133862,False,False
128,0.002,9,61.78172001542615,0.8771164352987327,75.91105620753551,0.7384762970300821,False,False
128,0.002,10,63.57115310451215,0.8521563212076823,84.06423718344656,0.5904455374066646,False,False
128,0.002,11,64.3578866178172,0.8421096042090771,79.61704756022236,0.6713282924432021,False,False
128,0.002,12,63.725414577709216,0.8506145553261626,82.89067325509573,0.6000017592540154,False,False
128,0.002,13,65.3374469726186,0.8242139144271028,86.59666460778259,0.529472447358645,False,False
128,0.002,14,65.19861164674123,0.8430228239180995,86.96726374305126,0.5519917114422872,False,False
128,0.002,15,67.57423833397608,0.8083161039679658,85.60840024706609,0.5525071781415206,False,False
128,0.002,16,67.17315850366371,0.8067595374350455,86.2260654725139,0.574574915262369,False,False
128,0.002,17,67.58195140763594,0.8111910907661214,88.82025941939469,0.5226578334203134,False,False
128,0.002,18,67.43540300809873,0.8035899605236801,86.8437306979617,0.5122137138476739,False,False
128,0.002,19,68.75433860393366,0.7922920684019724,86.41136504014824,0.5303505922739322,False,False
128,0.002,20,68.30698033166217,0.7906507294551999,86.10253242742434,0.5517637718182343,False,False
128,0.002,21,69.36367142306209,0.7847262597551533,89.37615812229771,0.5123003394557879,False,False
128,0.002,22,70.66718087157733,0.7666659407755908,86.90549722050649,0.5018957452132151,False,False
128,0.002,23,70.87543386039337,0.7614650679569618,88.7584928968499,0.4695173788529176,False,False
128,0.002,24,70.38179714616274,0.7681418032038445,86.2260654725139,0.5019080421099296,False,False
128,0.002,25,70.3740840725029,0.7632634704019509,90.0555898702903,0.4622950336107841,False,False
128,0.002,26,73.05823370613189,0.7170927758310356,88.69672637430513,0.487848941809856,False,False
128,0.002,27,73.62900115696105,0.6948091533838534,89.80852378011117,0.4524152270303322,False,False
128,0.002,28,74.36174315464713,0.6812282748082105,90.3644224830142,0.4880752723950606,False,False
128,0.002,29,74.70883146934054,0.6822922419683606,92.77331686226066,0.3900658958233319,False,False
128,0.002,30,77.4315464712688,0.6205324299779593,92.21741815935763,0.4076715111732483,False,False
128,0.002,31,79.12842267643656,0.6030024322224599,90.42618900555898,0.3825980952152839,False,False
128,0.002,32,81.24180485923641,0.5611599803555245,90.0555898702903,0.3927407849293489,False,False
128,0.002,33,81.64288468954878,0.5475766550676495,92.15565163681283,0.3468978240226323,False,False
128,0.002,34,82.36020053991516,0.5351480172545302,89.62322421247684,0.355931935688624,False,False
128,0.002,35,82.81527188584651,0.5170367760401146,93.51451513279802,0.3037092221470979,False,False
128,0.002,36,83.03895102198226,0.5210173270281624,90.48795552810375,0.3444332686754373,False,False
128,0.002,37,82.49903586579252,0.5259457119539672,92.6497838171711,0.3310483158207856,False,False
128,0.002,38,82.4527574238334,0.5253108798288831,92.52625077208153,0.3036992724698323,False,False
128,0.002,39,84.08021596606248,0.489406849823746,94.44101297096974,0.2785070991286865,False,False
128,0.002,40,85.97763208638642,0.4447185531550762,89.99382334774552,0.3506505734358842,False,False
128,0.002,41,86.58696490551485,0.4076788866636799,90.79678814082769,0.3249997066763731,False,False
128,0.002,42,86.75665252603163,0.4079458269418454,92.2791846819024,0.2506310484157159,False,False
128,0.002,43,85.32202082529888,0.4438813369648129,94.44101297096974,0.218865296875055,False,False
128,0.002,44,87.157732356344,0.3977240522702535,94.50277949351452,0.2095723997514981,False,False
128,0.002,45,87.59737755495566,0.3751241791189885,95.24397776405188,0.2047567701397034,False,False
128,0.002,46,88.17585807944465,0.3631268907703605,94.37924644842496,0.2277252238530379,False,False
128,0.002,47,87.91361357500963,0.3687550809745695,94.99691167387276,0.2075829551053735,False,False
128,0.002,48,87.91361357500963,0.3719661704757634,95.67634342186535,0.1896175113506615,False,False
128,0.002,49,87.8364828384111,0.3660857404271762,94.68807906114884,0.204800324084667,False,False
128,0.002,50,87.75935210181257,0.3789103055993716,95.98517603458926,0.1938511399695506,False,False
128,0.002,51,88.24527574238334,0.3528599319796936,95.73810994441013,0.1999562232970045,False,False
128,0.002,52,88.45352873119938,0.3527311720684463,95.55281037677578,0.1973480147381241,False,False
128,0.002,53,88.64635557269573,0.3513546911816971,95.05867819641756,0.2030411042416325,False,False
128,0.0006,1,51.27651369070575,1.125224571017658,71.21680049413219,0.6593998315242621,False,False
128,0.0006,2,59.21326648669495,0.8043721961040123,70.96973440395305,0.5933931177625289,False,False
128,0.0006,3,62.799845738526805,0.750493670795478,81.90240889437925,0.4726839432349571,False,False
128,0.0006,4,66.45584265329734,0.7302846148902294,76.89932056825201,0.4566263596598918,False,False
128,0.0006,5,69.99614346317007,0.6880142268012551,73.99629400864731,0.4329903051257133,False,False
128,0.0006,6,69.88816043193212,0.6670187028015361,90.79678814082769,0.3816945277727567,False,False
128,0.0006,7,71.80871577323563,0.6337016636834425,87.89376158122298,0.4163077708620291,False,False
128,0.0006,8,72.87311993829542,0.6303994766637391,92.09388511426806,0.3318418017946757,False,False
128,0.0006,9,73.3050520632472,0.6142689737619138,90.73502161828289,0.348991963152702,False,False
128,0.0006,10,74.14577709217123,0.6088392068358028,90.54972205064855,0.3099542982303179,False,False
128,0.0006,11,74.72425761666024,0.5932036965501075,92.958616429895,0.294339004617471,False,False
128,0.0006,12,74.88623216351716,0.5883211703861461,91.0438542310068,0.3229788295351542,False,False
128,0.0006,13,74.53914384882376,0.5783337258240756,87.89376158122298,0.3432720647408412,False,False
128,0.0006,14,75.52641727728499,0.5631301204363505,93.02038295243976,0.2615306979188552,False,False
128,0.0006,15,76.01234091785577,0.5593652739828708,93.51451513279802,0.2578295996555915,False,False
128,0.0006,16,75.03278056305437,0.5675898013161678,94.00864731315627,0.235882701495519,False,False
128,0.0006,17,76.16660239105283,0.5442223835225198,92.03211859172328,0.2617396981670306,False,False
128,0.0006,18,75.70381797146163,0.5495917060795952,94.2557134033354,0.2135850302875042,False,False
128,0.0006,19,75.28731199382955,0.5657557292896158,92.40271772699197,0.2488281308458401,False,False
128,0.0006,20,76.16660239105283,0.54035829475113,94.8116121062384,0.2005477427290036,False,False
128,0.0006,21,76.66795217894331,0.5418946076841915,94.37924644842496,0.20426717457863,False,False
128,0.0006,22,76.46741226378712,0.5408129566440395,94.2557134033354,0.230207299383787,False,False
128,0.0006,23,76.6370998843039,0.5309878266325184,94.5645460160593,0.2226955708689414,False,False
128,0.0006,24,76.81450057848052,0.5190078797293645,95.61457689932055,0.19590971704859,False,False
128,0.0006,25,76.89934438873891,0.5216179224205952,95.1822112415071,0.210461876140191,False,False
128,0.0006,26,77.36984188198997,0.5191421134799135,95.73810994441013,0.2132156591575879,False,False
128,0.0006,27,76.7527959892017,0.5351622569210389,95.491043854231,0.1951202205740488,False,False
128,0.0006,28,77.33127651369071,0.5062263873862285,93.32921556516368,0.2198876462017114,False,False
128,0.0006,29,77.315850366371,0.5170806099971136,95.30574428659666,0.1912268556367892,False,False
128,0.0006,30,77.30813729271115,0.5221319598894493,95.42927733168622,0.1981902282971602,False,False
128,0.0006,31,77.74006941766294,0.5044569802634856,95.491043854231,0.1814589139360647,False,False
128,0.0006,32,78.48052448900887,0.4967853602241067,95.491043854231,0.1895506145575871,False,False
128,0.0006,33,78.04859236405707,0.500448152422905,95.24397776405188,0.1855515245921336,False,False
128,0.0006,34,76.6370998843039,0.54270166275548,95.42927733168622,0.1774977855384349,False,False
128,0.0006,35,77.94060933281912,0.5064989305010029,95.61457689932055,0.1786607970985082,False,False
128,0.0006,36,78.4265329733899,0.4963571262710234,94.31747992588018,0.222079179679545,False,False
128,0.0006,37,78.01002699575781,0.5086608526169085,95.86164298949969,0.1735629705855479,False,False
128,0.0006,38,78.5576552256074,0.4960572284226324,95.36751080914144,0.1911677037580655,False,False
128,0.0006,39,78.71962977246433,0.4908648212166393,95.42927733168622,0.1791065753652499,False,False
128,0.0006,40,77.97146162745854,0.5002842083865521,94.74984558369364,0.1829227060079574,False,False
128,0.0006,41,77.62437331276514,0.5028583378184075,95.79987646695491,0.1700032161405453,False,False
128,0.0006,42,77.68607790204396,0.5060877332500383,95.491043854231,0.1769262546530136,False,False
128,0.0006,43,79.2364057076745,0.4718854143923404,95.55281037677578,0.1777970353857829,False,False
128,0.0006,44,78.81989973004242,0.4808367873523749,93.94688079061147,0.1919520520246946,False,False
128,0.0006,45,78.7736212880833,0.4948193807812298,95.67634342186535,0.1821655157523659,False,False
128,0.0006,46,78.63478596220594,0.4845920354127884,96.35577516985794,0.1663550735952762,False,False
128,0.0006,47,78.6579251831855,0.4822419963630975,95.491043854231,0.1736461076025779,False,False
128,0.0006,48,78.65021210952564,0.485523097947532,95.61457689932055,0.1706914208256281,False,False
128,0.0006,49,78.69649055148477,0.4865181852205127,96.41754169240272,0.1573594271277006,False,False
128,0.0006,50,78.98187427689935,0.4829769648757635,96.04694255713405,0.1496242526918649,False,False
128,0.0006,51,78.6579251831855,0.4920577377665276,95.86164298949969,0.1859613917768001,False,False
128,0.0006,52,79.15927497107597,0.4800523575030121,93.32921556516368,0.2447625689495068,False,False
128,0.0006,53,78.71191669880447,0.4769948422908783,95.36751080914144,0.1609307696612981,False,False
128,0.0006,54,78.75819514076359,0.4895327473972358,91.3526868437307,0.266596945719077,False,False
128,0.0006,55,78.8738912456614,0.4769775031828412,96.10870907967882,0.1721415363538723,False,False
128,0.0002,1,38.95873505591978,1.2117948245768453,35.762816553428046,1.5063458761343589,False,False
128,0.0002,2,54.54685692248361,0.9184988141059875,49.536751080914144,1.2427148876281886,False,False
128,0.0002,3,62.95410721172387,0.806484640228982,69.42557134033353,0.765937105824168,False,False
128,0.0002,4,65.36058619359815,0.7435662997703926,77.82581840642372,0.6485799661336037,False,False
128,0.0002,5,67.42768993443887,0.7063252148674983,83.75540457072267,0.5140593428737842,False,False
128,0.0002,6,69.23254917084458,0.6554734765314588,83.81717109326745,0.4683415994334679,False,False
128,0.0002,7,69.50250674893945,0.6472884358144274,86.5348980852378,0.3872158229351043,False,False
128,0.0002,8,70.54377169301966,0.6268246883855146,88.69672637430513,0.369807542516635,False,False
128,0.0002,9,70.61318935595835,0.6195674041906992,86.04076590487955,0.3885512529657437,False,False
128,0.0002,10,70.7211723871963,0.6086783476319968,90.92032118591725,0.3288949988782406,False,False
128,0.0002,11,71.1839568067875,0.603129665349044,91.29092032118592,0.2992129653978806,False,False
128,0.0002,12,70.9525645969919,0.6001245212905547,90.11735639283508,0.3149001882053338,False,False
128,0.0002,13,70.8368684920941,0.5869200764333501,92.09388511426806,0.2927276621071192,False,False
128,0.0002,14,71.09911299652912,0.5752479501214682,88.94379246448425,0.3429482797017464,False,False
128,0.0002,15,71.46162745854222,0.5807074749586629,93.14391599752932,0.2458464090640728,False,False
128,0.0002,16,73.03509448515233,0.551998383566445,92.2791846819024,0.2710674905146544,False,False
128,0.0002,17,73.49016583108369,0.5345779216172648,92.71155033971588,0.2472259138639156,False,False
128,0.0002,18,78.04087929039723,0.5314340629414016,93.63804817788758,0.238994870478144,False,False
128,0.0002,19,79.95372155804088,0.5176125945998173,91.90858554663372,0.2911227408509988,False,False
128,0.0002,20,79.14384882375627,0.5233764911399168,93.82334774552191,0.2329382830514357,False,False
128,0.0002,21,80.81758580794447,0.5032217049715566,92.09388511426806,0.2506218844881424,False,False
128,0.0002,22,80.84843810258388,0.4956283770939883,92.15565163681283,0.2465487406230889,False,False
128,0.0002,23,81.40377940609334,0.4824867391703175,92.958616429895,0.2327813540513698,False,False
128,0.0002,24,81.63517161588894,0.4757617922390209,91.9703520691785,0.2553498726338148,False,False
128,0.0002,25,81.8742768993444,0.4676956248049642,92.52625077208153,0.2416031757512917,False,False
128,0.0002,26,82.0053991515619,0.4734839408421049,93.5762816553428,0.2173749129646099,False,False
128,0.0002,27,82.52217508677208,0.4643972659227894,92.83508338480544,0.2416290804887047,False,False
128,0.0002,28,81.8742768993444,0.4685306049445096,94.99691167387276,0.1909266304797851,False,False
128,0.0002,29,81.98225993058233,0.461104497605679,92.46448424953677,0.2430326023067419,False,False
128,0.0002,30,83.19321249517932,0.4380420551580541,93.02038295243976,0.2158341453625605,False,False
128,0.0002,31,82.49132279213266,0.4510880235363455,94.74984558369364,0.1791661616701346,False,False
128,0.0002,32,82.87697647512533,0.4464958006260441,93.8851142680667,0.2120017485263255,False,False
128,0.0002,33,82.49132279213266,0.4484202338784349,91.9703520691785,0.2227493472970449,False,False
128,0.0002,34,82.56074045507134,0.4508297091313437,92.958616429895,0.2168409146655064,False,False
128,0.0002,35,82.76128037022754,0.4421057332964504,92.40271772699197,0.2204404500528023,False,False
128,0.0002,36,82.27535672965676,0.4476528205707961,94.8116121062384,0.1775473851997118,False,False
128,0.0002,37,82.60701889703047,0.4397097849378399,94.44101297096974,0.1884394796708455,False,False
128,0.0002,38,83.21635171615888,0.4301562943294936,92.6497838171711,0.2279036199100888,False,False
128,0.0002,39,83.00809872734284,0.4249249439613491,94.8733786287832,0.1652198001169241,False,False
128,0.0002,40,83.26263015811801,0.4243248791671267,93.69981470043236,0.2046220110586056,False,False
128,0.0002,41,82.85383725414577,0.4349227503818624,94.5645460160593,0.1846776699217466,False,False
128,0.0002,42,84.93636714230621,0.4051659107208252,93.51451513279802,0.1873927093469179,False,False
128,0.0002,43,84.84381025838796,0.4085649786626591,95.12044471896232,0.156743878355393,False,False
128,0.0002,44,85.3528731199383,0.3996770329335156,94.31747992588018,0.1749044487682672,False,False
128,0.0002,45,85.32202082529888,0.3932361336899738,94.8733786287832,0.171799156241692,False,False
128,0.0002,46,86.44041650597764,0.3750123378692889,94.07041383570105,0.1826172751876024,False,False
128,0.0002,47,86.54068646355573,0.36897830299887,93.39098208770848,0.1889303728508261,False,False
128,0.0002,48,87.25800231392209,0.3331360210682831,95.79987646695491,0.143482761314282,False,False
128,0.0002,49,86.74893945237177,0.3360264624158541,95.24397776405188,0.1522997295340666,False,False
128,0.0002,50,87.65136907057462,0.3211040740796164,95.36751080914144,0.1471501967081656,False,False
128,0.0002,51,87.26571538758195,0.3317098930185916,94.50277949351452,0.1702840881995283,False,False
128,0.0002,52,87.65908214423447,0.3246520085662019,95.24397776405188,0.1511044370440336,False,False
128,0.0002,53,87.21172387196297,0.3309664267535303,94.68807906114884,0.172094904172879,False,False
128,6e-05,1,65.26031623602006,0.8551118736173592,72.08153180975911,0.6906984528669944,False,False
128,6e-05,2,82.39876590821443,0.488435919378318,75.41692402717727,0.5540892069156353,False,False
128,6e-05,3,85.46085615117624,0.4078009239598816,79.74058060531192,0.4644668896037798,False,False
128,6e-05,4,86.65638256845352,0.3684458031373865,83.38480543545398,0.411934515604606,False,False
128,6e-05,5,88.052448900887,0.341690708024829,82.76714021000618,0.3998800034706409,False,False
128,6e-05,6,88.75433860393366,0.3155656490547984,86.72019765287214,0.336587561151156,False,False
128,6e-05,7,89.29425376012341,0.3035430976865338,87.70846201358863,0.3230040597801025,False,False
128,6e-05,8,89.59506363285769,0.2982485438970959,88.57319332921557,0.3125430908627234,False,False
128,6e-05,9,90.09641342074816,0.2807424595835162,89.93205682520075,0.2678526281737364,False,False
128,6e-05,10,90.158118010027,0.2777982416982744,88.88202594193947,0.2899876959765187,False,False
128,6e-05,11,91.05283455457,0.2638915989036653,90.17912291537986,0.2669936226537594,False,False
128,6e-05,12,90.80601619745468,0.2564214603865848,90.3644224830142,0.2507888391757241,False,False
128,6e-05,13,91.33821827998456,0.2438346579963085,88.38789376158122,0.3098923966575127,False,False
128,6e-05,14,91.2842267643656,0.2446959838271141,91.22915379864114,0.2331176845786663,False,False
128,6e-05,15,91.55418434246047,0.2386827209562647,90.24088943792464,0.2465523726378496,False,False
128,6e-05,16,92.20979560354802,0.2324423467119535,90.30265596046942,0.2699243132598125,False,False
128,6e-05,17,92.25607404550712,0.2235106926630525,90.61148857319333,0.2383032613075696,False,False
128,6e-05,18,91.79328962591592,0.2257965592046578,90.61148857319333,0.2435873862929069,False,False
128,6e-05,19,92.30235248746624,0.2195095427918668,90.92032118591725,0.243565447628498,False,False
128,2e-05,1,57.91747011183957,0.978198519524406,46.69549104385423,1.1387446591487298,False,False
128,2e-05,2,75.1947551099113,0.6356215669828302,49.10438542310068,1.1129580317781522,False,False
128,2e-05,3,79.5526417277285,0.5393411625249713,53.11920938851143,1.0882991139705365,False,False
128,2e-05,4,81.70458927882761,0.4834161099849963,57.56639901173564,0.9974937519201864,False,False
128,2e-05,5,83.05437716930197,0.4541865964146221,61.95182211241507,0.9202424269169568,False,False
128,2e-05,6,84.39645198611646,0.4288556569931553,66.09017912291537,0.8493024884508207,False,False
128,2e-05,7,85.09834168916314,0.4022880257929073,67.38727609635578,0.8740945563723261,False,False
128,2e-05,8,86.35557269571925,0.3772765523662754,69.61087090796788,0.8437010081341634,False,False
128,2e-05,9,86.84149633629,0.3680782123815779,69.2402717726992,0.891582447820558,False,False
128,2e-05,10,87.6050906286155,0.3472545799963614,68.49907350216183,0.961702368616198,False,False
128,2e-05,11,87.99845738526803,0.3341878087205045,69.36380481778876,0.9721336199615436,False,False
128,2e-05,12,88.60779020439645,0.3195511615451644,70.29030265596047,0.9513000163894432,False,False
128,2e-05,13,88.4843810258388,0.3216217503535981,69.48733786287832,1.041618019485703,False,False
